<xml xmlns:o="urn:schemas-microsoft-com:office:office">
 <o:MainFile HRef="../932PagesDoc.htm"/>
 <o:File HRef="themedata.thmx"/>
 <o:File HRef="colorschememapping.xml"/>
 <o:File HRef="image001.png"/>
 <o:File HRef="image002.png"/>
 <o:File HRef="image003.jpg"/>
 <o:File HRef="image004.png"/>
 <o:File HRef="image005.jpg"/>
 <o:File HRef="image006.png"/>
 <o:File HRef="image007.jpg"/>
 <o:File HRef="image008.png"/>
 <o:File HRef="image009.jpg"/>
 <o:File HRef="image010.png"/>
 <o:File HRef="image011.jpg"/>
 <o:File HRef="image012.png"/>
 <o:File HRef="image013.jpg"/>
 <o:File HRef="image014.png"/>
 <o:File HRef="image015.jpg"/>
 <o:File HRef="image016.png"/>
 <o:File HRef="image017.jpg"/>
 <o:File HRef="image018.png"/>
 <o:File HRef="image019.jpg"/>
 <o:File HRef="image020.png"/>
 <o:File HRef="image021.jpg"/>
 <o:File HRef="image022.png"/>
 <o:File HRef="image023.jpg"/>
 <o:File HRef="image024.png"/>
 <o:File HRef="image025.jpg"/>
 <o:File HRef="image026.png"/>
 <o:File HRef="image027.jpg"/>
 <o:File HRef="image028.png"/>
 <o:File HRef="image029.jpg"/>
 <o:File HRef="image030.png"/>
 <o:File HRef="image031.jpg"/>
 <o:File HRef="image032.png"/>
 <o:File HRef="image033.jpg"/>
 <o:File HRef="image034.png"/>
 <o:File HRef="image035.jpg"/>
 <o:File HRef="image036.png"/>
 <o:File HRef="image037.jpg"/>
 <o:File HRef="image038.png"/>
 <o:File HRef="image039.jpg"/>
 <o:File HRef="image040.png"/>
 <o:File HRef="image041.jpg"/>
 <o:File HRef="image042.png"/>
 <o:File HRef="image043.jpg"/>
 <o:File HRef="image044.png"/>
 <o:File HRef="image045.jpg"/>
 <o:File HRef="image046.png"/>
 <o:File HRef="image047.jpg"/>
 <o:File HRef="image048.png"/>
 <o:File HRef="image049.jpg"/>
 <o:File HRef="image050.png"/>
 <o:File HRef="image051.jpg"/>
 <o:File HRef="image052.png"/>
 <o:File HRef="image053.jpg"/>
 <o:File HRef="image054.png"/>
 <o:File HRef="image055.jpg"/>
 <o:File HRef="image056.png"/>
 <o:File HRef="image057.jpg"/>
 <o:File HRef="image058.png"/>
 <o:File HRef="image059.jpg"/>
 <o:File HRef="image060.png"/>
 <o:File HRef="image061.jpg"/>
 <o:File HRef="image062.png"/>
 <o:File HRef="image063.jpg"/>
 <o:File HRef="image064.png"/>
 <o:File HRef="image065.jpg"/>
 <o:File HRef="image066.png"/>
 <o:File HRef="image067.jpg"/>
 <o:File HRef="image068.png"/>
 <o:File HRef="image069.jpg"/>
 <o:File HRef="image070.png"/>
 <o:File HRef="image071.jpg"/>
 <o:File HRef="image072.png"/>
 <o:File HRef="image073.jpg"/>
 <o:File HRef="image074.png"/>
 <o:File HRef="image075.jpg"/>
 <o:File HRef="image076.png"/>
 <o:File HRef="image077.jpg"/>
 <o:File HRef="image078.png"/>
 <o:File HRef="image079.jpg"/>
 <o:File HRef="image080.png"/>
 <o:File HRef="image081.jpg"/>
 <o:File HRef="image082.png"/>
 <o:File HRef="image083.jpg"/>
 <o:File HRef="image084.png"/>
 <o:File HRef="image085.jpg"/>
 <o:File HRef="image086.png"/>
 <o:File HRef="image087.jpg"/>
 <o:File HRef="image088.jpg"/>
 <o:File HRef="image089.png"/>
 <o:File HRef="image090.jpg"/>
 <o:File HRef="image091.png"/>
 <o:File HRef="image092.jpg"/>
 <o:File HRef="image093.png"/>
 <o:File HRef="image094.jpg"/>
 <o:File HRef="image095.png"/>
 <o:File HRef="image096.jpg"/>
 <o:File HRef="image097.png"/>
 <o:File HRef="image098.jpg"/>
 <o:File HRef="image099.png"/>
 <o:File HRef="image100.jpg"/>
 <o:File HRef="image101.png"/>
 <o:File HRef="image102.jpg"/>
 <o:File HRef="image103.png"/>
 <o:File HRef="image104.jpg"/>
 <o:File HRef="image105.png"/>
 <o:File HRef="image106.jpg"/>
 <o:File HRef="image107.png"/>
 <o:File HRef="image108.jpg"/>
 <o:File HRef="image109.png"/>
 <o:File HRef="image110.jpg"/>
 <o:File HRef="image111.png"/>
 <o:File HRef="image112.jpg"/>
 <o:File HRef="image113.png"/>
 <o:File HRef="image114.jpg"/>
 <o:File HRef="image115.png"/>
 <o:File HRef="image116.jpg"/>
 <o:File HRef="image117.png"/>
 <o:File HRef="image118.jpg"/>
 <o:File HRef="image119.png"/>
 <o:File HRef="image120.jpg"/>
 <o:File HRef="image121.png"/>
 <o:File HRef="image122.jpg"/>
 <o:File HRef="image123.png"/>
 <o:File HRef="image124.jpg"/>
 <o:File HRef="image125.png"/>
 <o:File HRef="image126.jpg"/>
 <o:File HRef="image127.png"/>
 <o:File HRef="image128.jpg"/>
 <o:File HRef="image129.png"/>
 <o:File HRef="image130.jpg"/>
 <o:File HRef="image131.png"/>
 <o:File HRef="image132.jpg"/>
 <o:File HRef="image133.png"/>
 <o:File HRef="image134.jpg"/>
 <o:File HRef="image135.png"/>
 <o:File HRef="image136.jpg"/>
 <o:File HRef="image137.png"/>
 <o:File HRef="image138.jpg"/>
 <o:File HRef="image139.png"/>
 <o:File HRef="image140.jpg"/>
 <o:File HRef="image141.png"/>
 <o:File HRef="image142.jpg"/>
 <o:File HRef="image143.png"/>
 <o:File HRef="image144.jpg"/>
 <o:File HRef="image145.jpg"/>
 <o:File HRef="image146.png"/>
 <o:File HRef="image147.jpg"/>
 <o:File HRef="image148.png"/>
 <o:File HRef="image149.jpg"/>
 <o:File HRef="image150.png"/>
 <o:File HRef="image151.jpg"/>
 <o:File HRef="image152.png"/>
 <o:File HRef="image153.jpg"/>
 <o:File HRef="image154.png"/>
 <o:File HRef="image155.jpg"/>
 <o:File HRef="image156.png"/>
 <o:File HRef="image157.jpg"/>
 <o:File HRef="image158.png"/>
 <o:File HRef="image159.jpg"/>
 <o:File HRef="image160.png"/>
 <o:File HRef="image161.jpg"/>
 <o:File HRef="image162.png"/>
 <o:File HRef="image163.jpg"/>
 <o:File HRef="image164.png"/>
 <o:File HRef="image165.jpg"/>
 <o:File HRef="image166.png"/>
 <o:File HRef="image167.jpg"/>
 <o:File HRef="image168.png"/>
 <o:File HRef="image169.jpg"/>
 <o:File HRef="image170.png"/>
 <o:File HRef="image171.jpg"/>
 <o:File HRef="image172.png"/>
 <o:File HRef="image173.jpg"/>
 <o:File HRef="image174.png"/>
 <o:File HRef="image175.jpg"/>
 <o:File HRef="image176.png"/>
 <o:File HRef="image177.jpg"/>
 <o:File HRef="image178.png"/>
 <o:File HRef="image179.jpg"/>
 <o:File HRef="image180.jpg"/>
 <o:File HRef="image181.png"/>
 <o:File HRef="image182.jpg"/>
 <o:File HRef="image183.png"/>
 <o:File HRef="image184.jpg"/>
 <o:File HRef="image185.png"/>
 <o:File HRef="image186.jpg"/>
 <o:File HRef="image187.png"/>
 <o:File HRef="image188.jpg"/>
 <o:File HRef="image189.png"/>
 <o:File HRef="image190.jpg"/>
 <o:File HRef="image191.png"/>
 <o:File HRef="image192.jpg"/>
 <o:File HRef="image193.png"/>
 <o:File HRef="image194.jpg"/>
 <o:File HRef="image195.png"/>
 <o:File HRef="image196.jpg"/>
 <o:File HRef="image197.png"/>
 <o:File HRef="image198.jpg"/>
 <o:File HRef="image199.png"/>
 <o:File HRef="image200.jpg"/>
 <o:File HRef="image201.png"/>
 <o:File HRef="image202.jpg"/>
 <o:File HRef="image203.png"/>
 <o:File HRef="image204.jpg"/>
 <o:File HRef="image205.png"/>
 <o:File HRef="image206.jpg"/>
 <o:File HRef="image207.png"/>
 <o:File HRef="image208.jpg"/>
 <o:File HRef="image209.png"/>
 <o:File HRef="image210.jpg"/>
 <o:File HRef="image211.png"/>
 <o:File HRef="image212.jpg"/>
 <o:File HRef="image213.png"/>
 <o:File HRef="image214.jpg"/>
 <o:File HRef="image215.png"/>
 <o:File HRef="image216.jpg"/>
 <o:File HRef="image217.png"/>
 <o:File HRef="image218.jpg"/>
 <o:File HRef="image219.png"/>
 <o:File HRef="image220.jpg"/>
 <o:File HRef="image221.png"/>
 <o:File HRef="image222.jpg"/>
 <o:File HRef="image223.png"/>
 <o:File HRef="image224.jpg"/>
 <o:File HRef="image225.png"/>
 <o:File HRef="image226.jpg"/>
 <o:File HRef="image227.png"/>
 <o:File HRef="image228.jpg"/>
 <o:File HRef="image229.png"/>
 <o:File HRef="image230.jpg"/>
 <o:File HRef="image231.jpg"/>
 <o:File HRef="image232.png"/>
 <o:File HRef="image233.jpg"/>
 <o:File HRef="image234.png"/>
 <o:File HRef="image235.jpg"/>
 <o:File HRef="image236.png"/>
 <o:File HRef="image237.jpg"/>
 <o:File HRef="image238.png"/>
 <o:File HRef="image239.jpg"/>
 <o:File HRef="image240.png"/>
 <o:File HRef="image241.jpg"/>
 <o:File HRef="image242.png"/>
 <o:File HRef="image243.jpg"/>
 <o:File HRef="image244.png"/>
 <o:File HRef="image245.jpg"/>
 <o:File HRef="image246.png"/>
 <o:File HRef="image247.jpg"/>
 <o:File HRef="image248.png"/>
 <o:File HRef="image249.jpg"/>
 <o:File HRef="image250.png"/>
 <o:File HRef="image251.jpg"/>
 <o:File HRef="image252.png"/>
 <o:File HRef="image253.jpg"/>
 <o:File HRef="image254.png"/>
 <o:File HRef="image255.jpg"/>
 <o:File HRef="image256.png"/>
 <o:File HRef="image257.jpg"/>
 <o:File HRef="image258.png"/>
 <o:File HRef="image259.jpg"/>
 <o:File HRef="image260.png"/>
 <o:File HRef="image261.jpg"/>
 <o:File HRef="image262.png"/>
 <o:File HRef="image263.jpg"/>
 <o:File HRef="image264.png"/>
 <o:File HRef="image265.jpg"/>
 <o:File HRef="image266.png"/>
 <o:File HRef="image267.jpg"/>
 <o:File HRef="image268.png"/>
 <o:File HRef="image269.jpg"/>
 <o:File HRef="image270.png"/>
 <o:File HRef="image271.jpg"/>
 <o:File HRef="image272.png"/>
 <o:File HRef="image273.jpg"/>
 <o:File HRef="image274.png"/>
 <o:File HRef="image275.jpg"/>
 <o:File HRef="image276.png"/>
 <o:File HRef="image277.jpg"/>
 <o:File HRef="image278.png"/>
 <o:File HRef="image279.jpg"/>
 <o:File HRef="image280.png"/>
 <o:File HRef="image281.jpg"/>
 <o:File HRef="image282.png"/>
 <o:File HRef="image283.jpg"/>
 <o:File HRef="image284.png"/>
 <o:File HRef="image285.jpg"/>
 <o:File HRef="image286.png"/>
 <o:File HRef="image287.jpg"/>
 <o:File HRef="image288.png"/>
 <o:File HRef="image289.jpg"/>
 <o:File HRef="image290.png"/>
 <o:File HRef="image291.jpg"/>
 <o:File HRef="image292.png"/>
 <o:File HRef="image293.jpg"/>
 <o:File HRef="image294.png"/>
 <o:File HRef="image295.jpg"/>
 <o:File HRef="image296.png"/>
 <o:File HRef="image297.jpg"/>
 <o:File HRef="image298.png"/>
 <o:File HRef="image299.jpg"/>
 <o:File HRef="image300.png"/>
 <o:File HRef="image301.jpg"/>
 <o:File HRef="image302.png"/>
 <o:File HRef="image303.jpg"/>
 <o:File HRef="image304.png"/>
 <o:File HRef="image305.jpg"/>
 <o:File HRef="image306.png"/>
 <o:File HRef="image307.jpg"/>
 <o:File HRef="image308.png"/>
 <o:File HRef="image309.jpg"/>
 <o:File HRef="image310.png"/>
 <o:File HRef="image311.jpg"/>
 <o:File HRef="image312.png"/>
 <o:File HRef="image313.jpg"/>
 <o:File HRef="image314.png"/>
 <o:File HRef="image315.jpg"/>
 <o:File HRef="image316.png"/>
 <o:File HRef="image317.jpg"/>
 <o:File HRef="image318.png"/>
 <o:File HRef="image319.jpg"/>
 <o:File HRef="image320.png"/>
 <o:File HRef="image321.jpg"/>
 <o:File HRef="image322.png"/>
 <o:File HRef="image323.jpg"/>
 <o:File HRef="image324.png"/>
 <o:File HRef="image325.jpg"/>
 <o:File HRef="image326.png"/>
 <o:File HRef="image327.jpg"/>
 <o:File HRef="image328.png"/>
 <o:File HRef="image329.jpg"/>
 <o:File HRef="image330.png"/>
 <o:File HRef="image331.jpg"/>
 <o:File HRef="image332.png"/>
 <o:File HRef="image333.jpg"/>
 <o:File HRef="image334.png"/>
 <o:File HRef="image335.jpg"/>
 <o:File HRef="image336.png"/>
 <o:File HRef="image337.jpg"/>
 <o:File HRef="image338.png"/>
 <o:File HRef="image339.jpg"/>
 <o:File HRef="image340.png"/>
 <o:File HRef="image341.jpg"/>
 <o:File HRef="image342.png"/>
 <o:File HRef="image343.jpg"/>
 <o:File HRef="image344.png"/>
 <o:File HRef="image345.jpg"/>
 <o:File HRef="image346.png"/>
 <o:File HRef="image347.jpg"/>
 <o:File HRef="image348.png"/>
 <o:File HRef="image349.jpg"/>
 <o:File HRef="image350.png"/>
 <o:File HRef="image351.jpg"/>
 <o:File HRef="image352.png"/>
 <o:File HRef="image353.jpg"/>
 <o:File HRef="image354.png"/>
 <o:File HRef="image355.jpg"/>
 <o:File HRef="image356.png"/>
 <o:File HRef="image357.jpg"/>
 <o:File HRef="image358.png"/>
 <o:File HRef="image359.jpg"/>
 <o:File HRef="image360.png"/>
 <o:File HRef="image361.jpg"/>
 <o:File HRef="image362.png"/>
 <o:File HRef="image363.jpg"/>
 <o:File HRef="image364.png"/>
 <o:File HRef="image365.jpg"/>
 <o:File HRef="image366.png"/>
 <o:File HRef="image367.jpg"/>
 <o:File HRef="image368.png"/>
 <o:File HRef="image369.jpg"/>
 <o:File HRef="image370.png"/>
 <o:File HRef="image371.jpg"/>
 <o:File HRef="image372.png"/>
 <o:File HRef="image373.jpg"/>
 <o:File HRef="image374.png"/>
 <o:File HRef="image375.jpg"/>
 <o:File HRef="image376.png"/>
 <o:File HRef="image377.jpg"/>
 <o:File HRef="image378.png"/>
 <o:File HRef="image379.jpg"/>
 <o:File HRef="image380.png"/>
 <o:File HRef="image381.jpg"/>
 <o:File HRef="image382.png"/>
 <o:File HRef="image383.jpg"/>
 <o:File HRef="image384.png"/>
 <o:File HRef="image385.jpg"/>
 <o:File HRef="image386.png"/>
 <o:File HRef="image387.jpg"/>
 <o:File HRef="image388.png"/>
 <o:File HRef="image389.jpg"/>
 <o:File HRef="image390.png"/>
 <o:File HRef="image391.jpg"/>
 <o:File HRef="image392.png"/>
 <o:File HRef="image393.jpg"/>
 <o:File HRef="image394.png"/>
 <o:File HRef="image395.jpg"/>
 <o:File HRef="image396.png"/>
 <o:File HRef="image397.jpg"/>
 <o:File HRef="image398.png"/>
 <o:File HRef="image399.jpg"/>
 <o:File HRef="image400.png"/>
 <o:File HRef="image401.jpg"/>
 <o:File HRef="image402.png"/>
 <o:File HRef="image403.jpg"/>
 <o:File HRef="image404.png"/>
 <o:File HRef="image405.jpg"/>
 <o:File HRef="image406.png"/>
 <o:File HRef="image407.jpg"/>
 <o:File HRef="image408.png"/>
 <o:File HRef="image409.jpg"/>
 <o:File HRef="image410.png"/>
 <o:File HRef="image411.jpg"/>
 <o:File HRef="image412.png"/>
 <o:File HRef="image413.jpg"/>
 <o:File HRef="image414.jpg"/>
 <o:File HRef="image415.png"/>
 <o:File HRef="image416.jpg"/>
 <o:File HRef="image417.png"/>
 <o:File HRef="image418.jpg"/>
 <o:File HRef="image419.png"/>
 <o:File HRef="image420.jpg"/>
 <o:File HRef="image421.png"/>
 <o:File HRef="image422.jpg"/>
 <o:File HRef="image423.png"/>
 <o:File HRef="image424.jpg"/>
 <o:File HRef="image425.png"/>
 <o:File HRef="image426.jpg"/>
 <o:File HRef="image427.png"/>
 <o:File HRef="image428.jpg"/>
 <o:File HRef="image429.png"/>
 <o:File HRef="image430.jpg"/>
 <o:File HRef="image431.png"/>
 <o:File HRef="image432.jpg"/>
 <o:File HRef="image433.png"/>
 <o:File HRef="image434.jpg"/>
 <o:File HRef="image435.png"/>
 <o:File HRef="image436.jpg"/>
 <o:File HRef="image437.png"/>
 <o:File HRef="image438.jpg"/>
 <o:File HRef="image439.png"/>
 <o:File HRef="image440.jpg"/>
 <o:File HRef="image441.png"/>
 <o:File HRef="image442.jpg"/>
 <o:File HRef="image443.png"/>
 <o:File HRef="image444.jpg"/>
 <o:File HRef="image445.png"/>
 <o:File HRef="image446.jpg"/>
 <o:File HRef="image447.png"/>
 <o:File HRef="image448.jpg"/>
 <o:File HRef="image449.png"/>
 <o:File HRef="image450.jpg"/>
 <o:File HRef="image451.png"/>
 <o:File HRef="image452.jpg"/>
 <o:File HRef="image453.png"/>
 <o:File HRef="image454.jpg"/>
 <o:File HRef="image455.png"/>
 <o:File HRef="image456.jpg"/>
 <o:File HRef="image457.png"/>
 <o:File HRef="image458.jpg"/>
 <o:File HRef="image459.jpg"/>
 <o:File HRef="image460.png"/>
 <o:File HRef="image461.jpg"/>
 <o:File HRef="image462.jpg"/>
 <o:File HRef="image463.png"/>
 <o:File HRef="image464.jpg"/>
 <o:File HRef="image465.jpg"/>
 <o:File HRef="image466.png"/>
 <o:File HRef="image467.jpg"/>
 <o:File HRef="image468.png"/>
 <o:File HRef="image469.jpg"/>
 <o:File HRef="image470.png"/>
 <o:File HRef="image471.jpg"/>
 <o:File HRef="image472.png"/>
 <o:File HRef="image473.jpg"/>
 <o:File HRef="image474.png"/>
 <o:File HRef="image475.jpg"/>
 <o:File HRef="image476.png"/>
 <o:File HRef="image477.jpg"/>
 <o:File HRef="image478.png"/>
 <o:File HRef="image479.jpg"/>
 <o:File HRef="image480.png"/>
 <o:File HRef="image481.jpg"/>
 <o:File HRef="image482.png"/>
 <o:File HRef="image483.jpg"/>
 <o:File HRef="image484.png"/>
 <o:File HRef="image485.jpg"/>
 <o:File HRef="image486.png"/>
 <o:File HRef="image487.jpg"/>
 <o:File HRef="image488.png"/>
 <o:File HRef="image489.jpg"/>
 <o:File HRef="image490.png"/>
 <o:File HRef="image491.jpg"/>
 <o:File HRef="image492.png"/>
 <o:File HRef="image493.jpg"/>
 <o:File HRef="image494.png"/>
 <o:File HRef="image495.jpg"/>
 <o:File HRef="image496.png"/>
 <o:File HRef="image497.jpg"/>
 <o:File HRef="image498.png"/>
 <o:File HRef="image499.jpg"/>
 <o:File HRef="image500.png"/>
 <o:File HRef="image501.jpg"/>
 <o:File HRef="image502.png"/>
 <o:File HRef="image503.jpg"/>
 <o:File HRef="image504.png"/>
 <o:File HRef="image505.jpg"/>
 <o:File HRef="image506.png"/>
 <o:File HRef="image507.jpg"/>
 <o:File HRef="image508.png"/>
 <o:File HRef="image509.jpg"/>
 <o:File HRef="image510.png"/>
 <o:File HRef="image511.jpg"/>
 <o:File HRef="image512.png"/>
 <o:File HRef="image513.jpg"/>
 <o:File HRef="image514.png"/>
 <o:File HRef="image515.jpg"/>
 <o:File HRef="image516.png"/>
 <o:File HRef="image517.jpg"/>
 <o:File HRef="image518.png"/>
 <o:File HRef="image519.jpg"/>
 <o:File HRef="image520.png"/>
 <o:File HRef="image521.jpg"/>
 <o:File HRef="image522.png"/>
 <o:File HRef="image523.jpg"/>
 <o:File HRef="image524.png"/>
 <o:File HRef="image525.jpg"/>
 <o:File HRef="image526.jpg"/>
 <o:File HRef="image527.png"/>
 <o:File HRef="image528.jpg"/>
 <o:File HRef="image529.png"/>
 <o:File HRef="image530.jpg"/>
 <o:File HRef="image531.png"/>
 <o:File HRef="image532.jpg"/>
 <o:File HRef="image533.png"/>
 <o:File HRef="image534.jpg"/>
 <o:File HRef="image535.png"/>
 <o:File HRef="image536.jpg"/>
 <o:File HRef="image537.png"/>
 <o:File HRef="image538.jpg"/>
 <o:File HRef="image539.png"/>
 <o:File HRef="image540.jpg"/>
 <o:File HRef="image541.png"/>
 <o:File HRef="image542.jpg"/>
 <o:File HRef="image543.jpg"/>
 <o:File HRef="image544.png"/>
 <o:File HRef="image545.jpg"/>
 <o:File HRef="image546.png"/>
 <o:File HRef="image547.jpg"/>
 <o:File HRef="image548.png"/>
 <o:File HRef="image549.jpg"/>
 <o:File HRef="image550.png"/>
 <o:File HRef="image551.jpg"/>
 <o:File HRef="image552.png"/>
 <o:File HRef="image553.jpg"/>
 <o:File HRef="image554.png"/>
 <o:File HRef="image555.jpg"/>
 <o:File HRef="image556.png"/>
 <o:File HRef="image557.jpg"/>
 <o:File HRef="image558.png"/>
 <o:File HRef="image559.jpg"/>
 <o:File HRef="image560.png"/>
 <o:File HRef="image561.jpg"/>
 <o:File HRef="image562.png"/>
 <o:File HRef="image563.jpg"/>
 <o:File HRef="image564.png"/>
 <o:File HRef="image565.jpg"/>
 <o:File HRef="image566.png"/>
 <o:File HRef="image567.jpg"/>
 <o:File HRef="image568.png"/>
 <o:File HRef="image569.jpg"/>
 <o:File HRef="image570.png"/>
 <o:File HRef="image571.jpg"/>
 <o:File HRef="image572.png"/>
 <o:File HRef="image573.jpg"/>
 <o:File HRef="image574.png"/>
 <o:File HRef="image575.jpg"/>
 <o:File HRef="image576.png"/>
 <o:File HRef="image577.jpg"/>
 <o:File HRef="image578.png"/>
 <o:File HRef="image579.jpg"/>
 <o:File HRef="image580.png"/>
 <o:File HRef="image581.jpg"/>
 <o:File HRef="image582.png"/>
 <o:File HRef="image583.jpg"/>
 <o:File HRef="image584.png"/>
 <o:File HRef="image585.jpg"/>
 <o:File HRef="image586.png"/>
 <o:File HRef="image587.jpg"/>
 <o:File HRef="image588.png"/>
 <o:File HRef="image589.jpg"/>
 <o:File HRef="image590.png"/>
 <o:File HRef="image591.jpg"/>
 <o:File HRef="image592.png"/>
 <o:File HRef="image593.jpg"/>
 <o:File HRef="image594.jpg"/>
 <o:File HRef="image595.jpg"/>
 <o:File HRef="image596.png"/>
 <o:File HRef="image597.jpg"/>
 <o:File HRef="image598.png"/>
 <o:File HRef="image599.jpg"/>
 <o:File HRef="image600.jpg"/>
 <o:File HRef="image601.png"/>
 <o:File HRef="image602.jpg"/>
 <o:File HRef="image603.png"/>
 <o:File HRef="image604.jpg"/>
 <o:File HRef="image605.png"/>
 <o:File HRef="image606.jpg"/>
 <o:File HRef="image607.png"/>
 <o:File HRef="image608.jpg"/>
 <o:File HRef="image609.png"/>
 <o:File HRef="image610.jpg"/>
 <o:File HRef="image611.png"/>
 <o:File HRef="image612.jpg"/>
 <o:File HRef="image613.png"/>
 <o:File HRef="image614.jpg"/>
 <o:File HRef="image615.png"/>
 <o:File HRef="image616.jpg"/>
 <o:File HRef="image617.png"/>
 <o:File HRef="image618.jpg"/>
 <o:File HRef="image619.png"/>
 <o:File HRef="image620.jpg"/>
 <o:File HRef="image621.png"/>
 <o:File HRef="image622.jpg"/>
 <o:File HRef="image623.png"/>
 <o:File HRef="image624.jpg"/>
 <o:File HRef="image625.png"/>
 <o:File HRef="image626.jpg"/>
 <o:File HRef="image627.png"/>
 <o:File HRef="image628.jpg"/>
 <o:File HRef="image629.png"/>
 <o:File HRef="image630.jpg"/>
 <o:File HRef="image631.png"/>
 <o:File HRef="image632.jpg"/>
 <o:File HRef="image633.png"/>
 <o:File HRef="image634.jpg"/>
 <o:File HRef="image635.png"/>
 <o:File HRef="image636.jpg"/>
 <o:File HRef="image637.png"/>
 <o:File HRef="image638.jpg"/>
 <o:File HRef="image639.png"/>
 <o:File HRef="image640.jpg"/>
 <o:File HRef="image641.png"/>
 <o:File HRef="image642.jpg"/>
 <o:File HRef="image643.png"/>
 <o:File HRef="image644.jpg"/>
 <o:File HRef="image645.png"/>
 <o:File HRef="image646.jpg"/>
 <o:File HRef="image647.png"/>
 <o:File HRef="image648.jpg"/>
 <o:File HRef="image649.png"/>
 <o:File HRef="image650.jpg"/>
 <o:File HRef="image651.png"/>
 <o:File HRef="image652.jpg"/>
 <o:File HRef="image653.png"/>
 <o:File HRef="image654.jpg"/>
 <o:File HRef="image655.png"/>
 <o:File HRef="image656.jpg"/>
 <o:File HRef="image657.png"/>
 <o:File HRef="image658.jpg"/>
 <o:File HRef="image659.png"/>
 <o:File HRef="image660.jpg"/>
 <o:File HRef="image661.png"/>
 <o:File HRef="image662.jpg"/>
 <o:File HRef="image663.png"/>
 <o:File HRef="image664.jpg"/>
 <o:File HRef="image665.png"/>
 <o:File HRef="image666.jpg"/>
 <o:File HRef="image667.png"/>
 <o:File HRef="image668.jpg"/>
 <o:File HRef="image669.png"/>
 <o:File HRef="image670.jpg"/>
 <o:File HRef="image671.png"/>
 <o:File HRef="image672.jpg"/>
 <o:File HRef="image673.png"/>
 <o:File HRef="image674.jpg"/>
 <o:File HRef="image675.png"/>
 <o:File HRef="image676.jpg"/>
 <o:File HRef="image677.jpg"/>
 <o:File HRef="image678.png"/>
 <o:File HRef="image679.jpg"/>
 <o:File HRef="image680.png"/>
 <o:File HRef="image681.jpg"/>
 <o:File HRef="image682.png"/>
 <o:File HRef="image683.jpg"/>
 <o:File HRef="image684.png"/>
 <o:File HRef="image685.jpg"/>
 <o:File HRef="image686.png"/>
 <o:File HRef="image687.jpg"/>
 <o:File HRef="image688.png"/>
 <o:File HRef="image689.jpg"/>
 <o:File HRef="image690.png"/>
 <o:File HRef="image691.jpg"/>
 <o:File HRef="image692.png"/>
 <o:File HRef="image693.jpg"/>
 <o:File HRef="image694.jpg"/>
 <o:File HRef="image695.jpg"/>
 <o:File HRef="image696.png"/>
 <o:File HRef="image697.jpg"/>
 <o:File HRef="image698.png"/>
 <o:File HRef="image699.jpg"/>
 <o:File HRef="image700.png"/>
 <o:File HRef="image701.jpg"/>
 <o:File HRef="image702.png"/>
 <o:File HRef="image703.jpg"/>
 <o:File HRef="image704.png"/>
 <o:File HRef="image705.jpg"/>
 <o:File HRef="image706.png"/>
 <o:File HRef="image707.jpg"/>
 <o:File HRef="image708.png"/>
 <o:File HRef="image709.jpg"/>
 <o:File HRef="image710.png"/>
 <o:File HRef="image711.jpg"/>
 <o:File HRef="image712.png"/>
 <o:File HRef="image713.jpg"/>
 <o:File HRef="image714.png"/>
 <o:File HRef="image715.jpg"/>
 <o:File HRef="image716.png"/>
 <o:File HRef="image717.jpg"/>
 <o:File HRef="image718.png"/>
 <o:File HRef="image719.jpg"/>
 <o:File HRef="image720.png"/>
 <o:File HRef="image721.jpg"/>
 <o:File HRef="image722.png"/>
 <o:File HRef="image723.jpg"/>
 <o:File HRef="image724.png"/>
 <o:File HRef="image725.jpg"/>
 <o:File HRef="image726.png"/>
 <o:File HRef="image727.jpg"/>
 <o:File HRef="image728.png"/>
 <o:File HRef="image729.jpg"/>
 <o:File HRef="image730.png"/>
 <o:File HRef="image731.jpg"/>
 <o:File HRef="image732.png"/>
 <o:File HRef="image733.jpg"/>
 <o:File HRef="image734.png"/>
 <o:File HRef="image735.jpg"/>
 <o:File HRef="image736.png"/>
 <o:File HRef="image737.jpg"/>
 <o:File HRef="image738.png"/>
 <o:File HRef="image739.jpg"/>
 <o:File HRef="image740.png"/>
 <o:File HRef="image741.jpg"/>
 <o:File HRef="image742.png"/>
 <o:File HRef="image743.jpg"/>
 <o:File HRef="image744.png"/>
 <o:File HRef="image745.jpg"/>
 <o:File HRef="image746.png"/>
 <o:File HRef="image747.jpg"/>
 <o:File HRef="image748.png"/>
 <o:File HRef="image749.jpg"/>
 <o:File HRef="image750.png"/>
 <o:File HRef="image751.jpg"/>
 <o:File HRef="image752.png"/>
 <o:File HRef="image753.jpg"/>
 <o:File HRef="image754.png"/>
 <o:File HRef="image755.jpg"/>
 <o:File HRef="image756.png"/>
 <o:File HRef="image757.jpg"/>
 <o:File HRef="image758.png"/>
 <o:File HRef="image759.jpg"/>
 <o:File HRef="image760.png"/>
 <o:File HRef="image761.jpg"/>
 <o:File HRef="image762.png"/>
 <o:File HRef="image763.jpg"/>
 <o:File HRef="image764.png"/>
 <o:File HRef="image765.jpg"/>
 <o:File HRef="image766.png"/>
 <o:File HRef="image767.jpg"/>
 <o:File HRef="image768.png"/>
 <o:File HRef="image769.jpg"/>
 <o:File HRef="image770.png"/>
 <o:File HRef="image771.jpg"/>
 <o:File HRef="image772.png"/>
 <o:File HRef="image773.jpg"/>
 <o:File HRef="image774.png"/>
 <o:File HRef="image775.jpg"/>
 <o:File HRef="image776.png"/>
 <o:File HRef="image777.jpg"/>
 <o:File HRef="image778.png"/>
 <o:File HRef="image779.jpg"/>
 <o:File HRef="image780.png"/>
 <o:File HRef="image781.jpg"/>
 <o:File HRef="image782.png"/>
 <o:File HRef="image783.jpg"/>
 <o:File HRef="image784.png"/>
 <o:File HRef="image785.jpg"/>
 <o:File HRef="image786.png"/>
 <o:File HRef="image787.jpg"/>
 <o:File HRef="image788.png"/>
 <o:File HRef="image789.jpg"/>
 <o:File HRef="image790.png"/>
 <o:File HRef="image791.jpg"/>
 <o:File HRef="image792.png"/>
 <o:File HRef="image793.jpg"/>
 <o:File HRef="image794.png"/>
 <o:File HRef="image795.jpg"/>
 <o:File HRef="image796.png"/>
 <o:File HRef="image797.jpg"/>
 <o:File HRef="image798.png"/>
 <o:File HRef="image799.jpg"/>
 <o:File HRef="image800.png"/>
 <o:File HRef="image801.jpg"/>
 <o:File HRef="image802.png"/>
 <o:File HRef="image803.jpg"/>
 <o:File HRef="image804.png"/>
 <o:File HRef="image805.jpg"/>
 <o:File HRef="image806.png"/>
 <o:File HRef="image807.jpg"/>
 <o:File HRef="image808.png"/>
 <o:File HRef="image809.jpg"/>
 <o:File HRef="image810.png"/>
 <o:File HRef="image811.jpg"/>
 <o:File HRef="image812.png"/>
 <o:File HRef="image813.jpg"/>
 <o:File HRef="image814.png"/>
 <o:File HRef="image815.jpg"/>
 <o:File HRef="image816.png"/>
 <o:File HRef="image817.jpg"/>
 <o:File HRef="image818.png"/>
 <o:File HRef="image819.jpg"/>
 <o:File HRef="image820.png"/>
 <o:File HRef="image821.jpg"/>
 <o:File HRef="image822.png"/>
 <o:File HRef="image823.jpg"/>
 <o:File HRef="image824.png"/>
 <o:File HRef="image825.jpg"/>
 <o:File HRef="image826.png"/>
 <o:File HRef="image827.jpg"/>
 <o:File HRef="image828.png"/>
 <o:File HRef="image829.jpg"/>
 <o:File HRef="image830.png"/>
 <o:File HRef="image831.jpg"/>
 <o:File HRef="image832.png"/>
 <o:File HRef="image833.jpg"/>
 <o:File HRef="image834.png"/>
 <o:File HRef="image835.jpg"/>
 <o:File HRef="image836.png"/>
 <o:File HRef="image837.jpg"/>
 <o:File HRef="image838.png"/>
 <o:File HRef="image839.jpg"/>
 <o:File HRef="image840.png"/>
 <o:File HRef="image841.jpg"/>
 <o:File HRef="image842.png"/>
 <o:File HRef="image843.jpg"/>
 <o:File HRef="image844.png"/>
 <o:File HRef="image845.jpg"/>
 <o:File HRef="image846.png"/>
 <o:File HRef="image847.jpg"/>
 <o:File HRef="image848.png"/>
 <o:File HRef="image849.jpg"/>
 <o:File HRef="image850.png"/>
 <o:File HRef="image851.jpg"/>
 <o:File HRef="image852.png"/>
 <o:File HRef="image853.jpg"/>
 <o:File HRef="image854.png"/>
 <o:File HRef="image855.jpg"/>
 <o:File HRef="image856.png"/>
 <o:File HRef="image857.jpg"/>
 <o:File HRef="image858.png"/>
 <o:File HRef="image859.jpg"/>
 <o:File HRef="image860.png"/>
 <o:File HRef="image861.jpg"/>
 <o:File HRef="image862.png"/>
 <o:File HRef="image863.jpg"/>
 <o:File HRef="image864.png"/>
 <o:File HRef="image865.jpg"/>
 <o:File HRef="image866.png"/>
 <o:File HRef="image867.jpg"/>
 <o:File HRef="image868.png"/>
 <o:File HRef="image869.jpg"/>
 <o:File HRef="image870.png"/>
 <o:File HRef="image871.jpg"/>
 <o:File HRef="image872.png"/>
 <o:File HRef="image873.jpg"/>
 <o:File HRef="image874.png"/>
 <o:File HRef="image875.jpg"/>
 <o:File HRef="image876.png"/>
 <o:File HRef="image877.jpg"/>
 <o:File HRef="image878.png"/>
 <o:File HRef="image879.jpg"/>
 <o:File HRef="image880.png"/>
 <o:File HRef="image881.jpg"/>
 <o:File HRef="image882.png"/>
 <o:File HRef="image883.jpg"/>
 <o:File HRef="image884.png"/>
 <o:File HRef="image885.jpg"/>
 <o:File HRef="image886.png"/>
 <o:File HRef="image887.jpg"/>
 <o:File HRef="image888.png"/>
 <o:File HRef="image889.jpg"/>
 <o:File HRef="image890.png"/>
 <o:File HRef="image891.jpg"/>
 <o:File HRef="image892.png"/>
 <o:File HRef="image893.jpg"/>
 <o:File HRef="image894.png"/>
 <o:File HRef="image895.jpg"/>
 <o:File HRef="image896.png"/>
 <o:File HRef="image897.jpg"/>
 <o:File HRef="image898.png"/>
 <o:File HRef="image899.jpg"/>
 <o:File HRef="image900.png"/>
 <o:File HRef="image901.jpg"/>
 <o:File HRef="image902.png"/>
 <o:File HRef="image903.jpg"/>
 <o:File HRef="image904.png"/>
 <o:File HRef="image905.jpg"/>
 <o:File HRef="image906.png"/>
 <o:File HRef="image907.jpg"/>
 <o:File HRef="image908.png"/>
 <o:File HRef="image909.jpg"/>
 <o:File HRef="image910.png"/>
 <o:File HRef="image911.jpg"/>
 <o:File HRef="image912.png"/>
 <o:File HRef="image913.jpg"/>
 <o:File HRef="image914.png"/>
 <o:File HRef="image915.jpg"/>
 <o:File HRef="image916.png"/>
 <o:File HRef="image917.jpg"/>
 <o:File HRef="image918.png"/>
 <o:File HRef="image919.jpg"/>
 <o:File HRef="image920.png"/>
 <o:File HRef="image921.jpg"/>
 <o:File HRef="image922.png"/>
 <o:File HRef="image923.jpg"/>
 <o:File HRef="image924.png"/>
 <o:File HRef="image925.jpg"/>
 <o:File HRef="image926.png"/>
 <o:File HRef="image927.jpg"/>
 <o:File HRef="image928.png"/>
 <o:File HRef="image929.jpg"/>
 <o:File HRef="image930.png"/>
 <o:File HRef="image931.jpg"/>
 <o:File HRef="image932.png"/>
 <o:File HRef="image933.jpg"/>
 <o:File HRef="image934.png"/>
 <o:File HRef="image935.jpg"/>
 <o:File HRef="image936.png"/>
 <o:File HRef="image937.jpg"/>
 <o:File HRef="image938.png"/>
 <o:File HRef="image939.jpg"/>
 <o:File HRef="image940.png"/>
 <o:File HRef="image941.jpg"/>
 <o:File HRef="image942.png"/>
 <o:File HRef="image943.jpg"/>
 <o:File HRef="image944.png"/>
 <o:File HRef="image945.jpg"/>
 <o:File HRef="image946.png"/>
 <o:File HRef="image947.jpg"/>
 <o:File HRef="image948.png"/>
 <o:File HRef="image949.jpg"/>
 <o:File HRef="image950.png"/>
 <o:File HRef="image951.jpg"/>
 <o:File HRef="image952.png"/>
 <o:File HRef="image953.jpg"/>
 <o:File HRef="image954.png"/>
 <o:File HRef="image955.jpg"/>
 <o:File HRef="image956.png"/>
 <o:File HRef="image957.jpg"/>
 <o:File HRef="image958.png"/>
 <o:File HRef="image959.jpg"/>
 <o:File HRef="image960.png"/>
 <o:File HRef="image961.jpg"/>
 <o:File HRef="image962.png"/>
 <o:File HRef="image963.jpg"/>
 <o:File HRef="image964.png"/>
 <o:File HRef="image965.jpg"/>
 <o:File HRef="image966.png"/>
 <o:File HRef="image967.jpg"/>
 <o:File HRef="image968.png"/>
 <o:File HRef="image969.jpg"/>
 <o:File HRef="image970.png"/>
 <o:File HRef="image971.jpg"/>
 <o:File HRef="image972.png"/>
 <o:File HRef="image973.jpg"/>
 <o:File HRef="image974.png"/>
 <o:File HRef="image975.jpg"/>
 <o:File HRef="image976.jpg"/>
 <o:File HRef="image977.png"/>
 <o:File HRef="image978.jpg"/>
 <o:File HRef="image979.png"/>
 <o:File HRef="image980.jpg"/>
 <o:File HRef="image981.png"/>
 <o:File HRef="image982.jpg"/>
 <o:File HRef="image983.png"/>
 <o:File HRef="image984.jpg"/>
 <o:File HRef="image985.png"/>
 <o:File HRef="image986.jpg"/>
 <o:File HRef="image987.png"/>
 <o:File HRef="image988.jpg"/>
 <o:File HRef="image989.png"/>
 <o:File HRef="image990.jpg"/>
 <o:File HRef="image991.png"/>
 <o:File HRef="image992.jpg"/>
 <o:File HRef="image993.png"/>
 <o:File HRef="image994.jpg"/>
 <o:File HRef="image995.png"/>
 <o:File HRef="image996.jpg"/>
 <o:File HRef="image997.png"/>
 <o:File HRef="image998.jpg"/>
 <o:File HRef="image999.png"/>
 <o:File HRef="image1000.jpg"/>
 <o:File HRef="image1001.png"/>
 <o:File HRef="image1002.jpg"/>
 <o:File HRef="image1003.png"/>
 <o:File HRef="image1004.jpg"/>
 <o:File HRef="image1005.png"/>
 <o:File HRef="image1006.jpg"/>
 <o:File HRef="image1007.png"/>
 <o:File HRef="image1008.jpg"/>
 <o:File HRef="image1009.png"/>
 <o:File HRef="image1010.jpg"/>
 <o:File HRef="image1011.png"/>
 <o:File HRef="image1012.jpg"/>
 <o:File HRef="image1013.png"/>
 <o:File HRef="image1014.jpg"/>
 <o:File HRef="image1015.png"/>
 <o:File HRef="image1016.jpg"/>
 <o:File HRef="image1017.png"/>
 <o:File HRef="image1018.jpg"/>
 <o:File HRef="image1019.png"/>
 <o:File HRef="image1020.jpg"/>
 <o:File HRef="image1021.png"/>
 <o:File HRef="image1022.jpg"/>
 <o:File HRef="image1023.png"/>
 <o:File HRef="image1024.jpg"/>
 <o:File HRef="image1025.png"/>
 <o:File HRef="image1026.jpg"/>
 <o:File HRef="image1027.png"/>
 <o:File HRef="image1028.jpg"/>
 <o:File HRef="image1029.png"/>
 <o:File HRef="image1030.jpg"/>
 <o:File HRef="image1031.png"/>
 <o:File HRef="image1032.jpg"/>
 <o:File HRef="image1033.png"/>
 <o:File HRef="image1034.jpg"/>
 <o:File HRef="image1035.png"/>
 <o:File HRef="image1036.jpg"/>
 <o:File HRef="image1037.png"/>
 <o:File HRef="image1038.jpg"/>
 <o:File HRef="image1039.png"/>
 <o:File HRef="image1040.jpg"/>
 <o:File HRef="image1041.png"/>
 <o:File HRef="image1042.jpg"/>
 <o:File HRef="image1043.png"/>
 <o:File HRef="image1044.jpg"/>
 <o:File HRef="image1045.png"/>
 <o:File HRef="image1046.jpg"/>
 <o:File HRef="image1047.png"/>
 <o:File HRef="image1048.jpg"/>
 <o:File HRef="image1049.png"/>
 <o:File HRef="image1050.jpg"/>
 <o:File HRef="image1051.png"/>
 <o:File HRef="image1052.jpg"/>
 <o:File HRef="image1053.png"/>
 <o:File HRef="image1054.jpg"/>
 <o:File HRef="image1055.png"/>
 <o:File HRef="image1056.jpg"/>
 <o:File HRef="image1057.png"/>
 <o:File HRef="image1058.jpg"/>
 <o:File HRef="image1059.png"/>
 <o:File HRef="image1060.jpg"/>
 <o:File HRef="image1061.png"/>
 <o:File HRef="image1062.jpg"/>
 <o:File HRef="image1063.png"/>
 <o:File HRef="image1064.jpg"/>
 <o:File HRef="image1065.png"/>
 <o:File HRef="image1066.jpg"/>
 <o:File HRef="image1067.png"/>
 <o:File HRef="image1068.jpg"/>
 <o:File HRef="image1069.png"/>
 <o:File HRef="image1070.jpg"/>
 <o:File HRef="image1071.png"/>
 <o:File HRef="image1072.jpg"/>
 <o:File HRef="image1073.png"/>
 <o:File HRef="image1074.jpg"/>
 <o:File HRef="image1075.png"/>
 <o:File HRef="image1076.jpg"/>
 <o:File HRef="image1077.png"/>
 <o:File HRef="image1078.jpg"/>
 <o:File HRef="image1079.png"/>
 <o:File HRef="image1080.jpg"/>
 <o:File HRef="image1081.png"/>
 <o:File HRef="image1082.jpg"/>
 <o:File HRef="image1083.png"/>
 <o:File HRef="image1084.jpg"/>
 <o:File HRef="image1085.png"/>
 <o:File HRef="image1086.jpg"/>
 <o:File HRef="image1087.png"/>
 <o:File HRef="image1088.jpg"/>
 <o:File HRef="image1089.png"/>
 <o:File HRef="image1090.jpg"/>
 <o:File HRef="image1091.png"/>
 <o:File HRef="image1092.jpg"/>
 <o:File HRef="image1093.png"/>
 <o:File HRef="image1094.jpg"/>
 <o:File HRef="image1095.png"/>
 <o:File HRef="image1096.jpg"/>
 <o:File HRef="image1097.jpg"/>
 <o:File HRef="image1098.jpg"/>
 <o:File HRef="image1099.jpg"/>
 <o:File HRef="image1100.jpg"/>
 <o:File HRef="image1101.jpg"/>
 <o:File HRef="image1102.jpg"/>
 <o:File HRef="image1103.jpg"/>
 <o:File HRef="image1104.jpg"/>
 <o:File HRef="image1105.jpg"/>
 <o:File HRef="image1106.jpg"/>
 <o:File HRef="image1107.jpg"/>
 <o:File HRef="image1108.jpg"/>
 <o:File HRef="image1109.jpg"/>
 <o:File HRef="image1110.jpg"/>
 <o:File HRef="image1111.jpg"/>
 <o:File HRef="image1112.jpg"/>
 <o:File HRef="image1113.jpg"/>
 <o:File HRef="image1114.jpg"/>
 <o:File HRef="image1115.jpg"/>
 <o:File HRef="image1116.jpg"/>
 <o:File HRef="image1117.jpg"/>
 <o:File HRef="image1118.jpg"/>
 <o:File HRef="image1119.jpg"/>
 <o:File HRef="image1120.jpg"/>
 <o:File HRef="image1121.jpg"/>
 <o:File HRef="image1122.jpg"/>
 <o:File HRef="image1123.jpg"/>
 <o:File HRef="image1124.jpg"/>
 <o:File HRef="image1125.jpg"/>
 <o:File HRef="image1126.jpg"/>
 <o:File HRef="image1127.jpg"/>
 <o:File HRef="image1128.jpg"/>
 <o:File HRef="image1129.jpg"/>
 <o:File HRef="image1130.jpg"/>
 <o:File HRef="image1131.jpg"/>
 <o:File HRef="image1132.jpg"/>
 <o:File HRef="image1133.jpg"/>
 <o:File HRef="image1134.jpg"/>
 <o:File HRef="image1135.jpg"/>
 <o:File HRef="image1136.jpg"/>
 <o:File HRef="image1137.jpg"/>
 <o:File HRef="image1138.jpg"/>
 <o:File HRef="image1139.jpg"/>
 <o:File HRef="image1140.jpg"/>
 <o:File HRef="image1141.jpg"/>
 <o:File HRef="image1142.jpg"/>
 <o:File HRef="image1143.jpg"/>
 <o:File HRef="image1144.jpg"/>
 <o:File HRef="image1145.jpg"/>
 <o:File HRef="image1146.jpg"/>
 <o:File HRef="image1147.jpg"/>
 <o:File HRef="image1148.jpg"/>
 <o:File HRef="image1149.jpg"/>
 <o:File HRef="image1150.jpg"/>
 <o:File HRef="image1151.jpg"/>
 <o:File HRef="image1152.jpg"/>
 <o:File HRef="image1153.jpg"/>
 <o:File HRef="image1154.jpg"/>
 <o:File HRef="image1155.jpg"/>
 <o:File HRef="image1156.jpg"/>
 <o:File HRef="image1157.jpg"/>
 <o:File HRef="image1158.jpg"/>
 <o:File HRef="image1159.jpg"/>
 <o:File HRef="image1160.jpg"/>
 <o:File HRef="image1161.jpg"/>
 <o:File HRef="image1162.jpg"/>
 <o:File HRef="image1163.jpg"/>
 <o:File HRef="image1164.jpg"/>
 <o:File HRef="image1165.jpg"/>
 <o:File HRef="image1166.jpg"/>
 <o:File HRef="image1167.jpg"/>
 <o:File HRef="image1168.jpg"/>
 <o:File HRef="image1169.jpg"/>
 <o:File HRef="image1170.jpg"/>
 <o:File HRef="image1171.jpg"/>
 <o:File HRef="image1172.jpg"/>
 <o:File HRef="image1173.jpg"/>
 <o:File HRef="image1174.jpg"/>
 <o:File HRef="image1175.jpg"/>
 <o:File HRef="image1176.jpg"/>
 <o:File HRef="image1177.jpg"/>
 <o:File HRef="image1178.jpg"/>
 <o:File HRef="image1179.jpg"/>
 <o:File HRef="image1180.jpg"/>
 <o:File HRef="image1181.jpg"/>
 <o:File HRef="image1182.jpg"/>
 <o:File HRef="image1183.jpg"/>
 <o:File HRef="image1184.jpg"/>
 <o:File HRef="image1185.jpg"/>
 <o:File HRef="image1186.jpg"/>
 <o:File HRef="image1187.jpg"/>
 <o:File HRef="image1188.jpg"/>
 <o:File HRef="image1189.jpg"/>
 <o:File HRef="image1190.jpg"/>
 <o:File HRef="image1191.jpg"/>
 <o:File HRef="image1192.jpg"/>
 <o:File HRef="image1193.jpg"/>
 <o:File HRef="image1194.jpg"/>
 <o:File HRef="image1195.jpg"/>
 <o:File HRef="image1196.jpg"/>
 <o:File HRef="image1197.jpg"/>
 <o:File HRef="image1198.jpg"/>
 <o:File HRef="image1199.jpg"/>
 <o:File HRef="image1200.jpg"/>
 <o:File HRef="image1201.jpg"/>
 <o:File HRef="image1202.jpg"/>
 <o:File HRef="image1203.jpg"/>
 <o:File HRef="image1204.jpg"/>
 <o:File HRef="image1205.jpg"/>
 <o:File HRef="image1206.jpg"/>
 <o:File HRef="image1207.jpg"/>
 <o:File HRef="image1208.jpg"/>
 <o:File HRef="image1209.jpg"/>
 <o:File HRef="image1210.jpg"/>
 <o:File HRef="image1211.jpg"/>
 <o:File HRef="image1212.jpg"/>
 <o:File HRef="image1213.jpg"/>
 <o:File HRef="image1214.jpg"/>
 <o:File HRef="image1215.jpg"/>
 <o:File HRef="image1216.jpg"/>
 <o:File HRef="image1217.jpg"/>
 <o:File HRef="image1218.jpg"/>
 <o:File HRef="image1219.jpg"/>
 <o:File HRef="image1220.jpg"/>
 <o:File HRef="image1221.jpg"/>
 <o:File HRef="image1222.jpg"/>
 <o:File HRef="image1223.jpg"/>
 <o:File HRef="image1224.jpg"/>
 <o:File HRef="image1225.jpg"/>
 <o:File HRef="image1226.jpg"/>
 <o:File HRef="image1227.jpg"/>
 <o:File HRef="image1228.jpg"/>
 <o:File HRef="image1229.jpg"/>
 <o:File HRef="image1230.jpg"/>
 <o:File HRef="image1231.jpg"/>
 <o:File HRef="image1232.jpg"/>
 <o:File HRef="image1233.jpg"/>
 <o:File HRef="image1234.jpg"/>
 <o:File HRef="image1235.jpg"/>
 <o:File HRef="image1236.jpg"/>
 <o:File HRef="image1237.jpg"/>
 <o:File HRef="image1238.jpg"/>
 <o:File HRef="image1239.jpg"/>
 <o:File HRef="image1240.jpg"/>
 <o:File HRef="image1241.jpg"/>
 <o:File HRef="image1242.jpg"/>
 <o:File HRef="image1243.jpg"/>
 <o:File HRef="image1244.jpg"/>
 <o:File HRef="image1245.jpg"/>
 <o:File HRef="image1246.jpg"/>
 <o:File HRef="image1247.jpg"/>
 <o:File HRef="image1248.jpg"/>
 <o:File HRef="image1249.jpg"/>
 <o:File HRef="image1250.jpg"/>
 <o:File HRef="image1251.jpg"/>
 <o:File HRef="image1252.jpg"/>
 <o:File HRef="image1253.jpg"/>
 <o:File HRef="image1254.jpg"/>
 <o:File HRef="image1255.jpg"/>
 <o:File HRef="image1256.jpg"/>
 <o:File HRef="image1257.jpg"/>
 <o:File HRef="image1258.jpg"/>
 <o:File HRef="image1259.jpg"/>
 <o:File HRef="image1260.jpg"/>
 <o:File HRef="image1261.jpg"/>
 <o:File HRef="image1262.jpg"/>
 <o:File HRef="image1263.jpg"/>
 <o:File HRef="image1264.jpg"/>
 <o:File HRef="image1265.jpg"/>
 <o:File HRef="image1266.jpg"/>
 <o:File HRef="image1267.jpg"/>
 <o:File HRef="image1268.jpg"/>
 <o:File HRef="image1269.jpg"/>
 <o:File HRef="image1270.jpg"/>
 <o:File HRef="image1271.jpg"/>
 <o:File HRef="image1272.jpg"/>
 <o:File HRef="image1273.jpg"/>
 <o:File HRef="image1274.jpg"/>
 <o:File HRef="image1275.jpg"/>
 <o:File HRef="image1276.jpg"/>
 <o:File HRef="image1277.jpg"/>
 <o:File HRef="image1278.jpg"/>
 <o:File HRef="image1279.jpg"/>
 <o:File HRef="image1280.jpg"/>
 <o:File HRef="image1281.jpg"/>
 <o:File HRef="image1282.jpg"/>
 <o:File HRef="image1283.jpg"/>
 <o:File HRef="image1284.jpg"/>
 <o:File HRef="image1285.jpg"/>
 <o:File HRef="image1286.jpg"/>
 <o:File HRef="image1287.jpg"/>
 <o:File HRef="image1288.jpg"/>
 <o:File HRef="image1289.jpg"/>
 <o:File HRef="image1290.jpg"/>
 <o:File HRef="image1291.jpg"/>
 <o:File HRef="image1292.jpg"/>
 <o:File HRef="image1293.jpg"/>
 <o:File HRef="image1294.jpg"/>
 <o:File HRef="image1295.jpg"/>
 <o:File HRef="image1296.jpg"/>
 <o:File HRef="image1297.jpg"/>
 <o:File HRef="image1298.jpg"/>
 <o:File HRef="image1299.jpg"/>
 <o:File HRef="image1300.jpg"/>
 <o:File HRef="image1301.jpg"/>
 <o:File HRef="image1302.jpg"/>
 <o:File HRef="image1303.jpg"/>
 <o:File HRef="image1304.jpg"/>
 <o:File HRef="image1305.jpg"/>
 <o:File HRef="image1306.jpg"/>
 <o:File HRef="image1307.jpg"/>
 <o:File HRef="image1308.jpg"/>
 <o:File HRef="image1309.jpg"/>
 <o:File HRef="image1310.jpg"/>
 <o:File HRef="image1311.jpg"/>
 <o:File HRef="image1312.jpg"/>
 <o:File HRef="image1313.jpg"/>
 <o:File HRef="image1314.jpg"/>
 <o:File HRef="image1315.jpg"/>
 <o:File HRef="image1316.jpg"/>
 <o:File HRef="image1317.jpg"/>
 <o:File HRef="image1318.jpg"/>
 <o:File HRef="image1319.jpg"/>
 <o:File HRef="image1320.jpg"/>
 <o:File HRef="image1321.jpg"/>
 <o:File HRef="image1322.jpg"/>
 <o:File HRef="image1323.jpg"/>
 <o:File HRef="image1324.jpg"/>
 <o:File HRef="image1325.jpg"/>
 <o:File HRef="image1326.jpg"/>
 <o:File HRef="image1327.jpg"/>
 <o:File HRef="image1328.jpg"/>
 <o:File HRef="image1329.jpg"/>
 <o:File HRef="image1330.jpg"/>
 <o:File HRef="image1331.jpg"/>
 <o:File HRef="image1332.jpg"/>
 <o:File HRef="image1333.jpg"/>
 <o:File HRef="image1334.jpg"/>
 <o:File HRef="image1335.jpg"/>
 <o:File HRef="image1336.jpg"/>
 <o:File HRef="image1337.jpg"/>
 <o:File HRef="image1338.jpg"/>
 <o:File HRef="image1339.jpg"/>
 <o:File HRef="image1340.jpg"/>
 <o:File HRef="image1341.jpg"/>
 <o:File HRef="image1342.jpg"/>
 <o:File HRef="image1343.jpg"/>
 <o:File HRef="image1344.jpg"/>
 <o:File HRef="image1345.jpg"/>
 <o:File HRef="image1346.jpg"/>
 <o:File HRef="image1347.jpg"/>
 <o:File HRef="image1348.jpg"/>
 <o:File HRef="image1349.jpg"/>
 <o:File HRef="image1350.jpg"/>
 <o:File HRef="image1351.jpg"/>
 <o:File HRef="image1352.jpg"/>
 <o:File HRef="image1353.jpg"/>
 <o:File HRef="image1354.jpg"/>
 <o:File HRef="image1355.jpg"/>
 <o:File HRef="image1356.jpg"/>
 <o:File HRef="image1357.jpg"/>
 <o:File HRef="image1358.jpg"/>
 <o:File HRef="image1359.jpg"/>
 <o:File HRef="image1360.jpg"/>
 <o:File HRef="image1361.jpg"/>
 <o:File HRef="image1362.jpg"/>
 <o:File HRef="image1363.jpg"/>
 <o:File HRef="image1364.jpg"/>
 <o:File HRef="image1365.jpg"/>
 <o:File HRef="image1366.jpg"/>
 <o:File HRef="image1367.jpg"/>
 <o:File HRef="image1368.jpg"/>
 <o:File HRef="image1369.jpg"/>
 <o:File HRef="image1370.jpg"/>
 <o:File HRef="image1371.jpg"/>
 <o:File HRef="image1372.jpg"/>
 <o:File HRef="image1373.jpg"/>
 <o:File HRef="image1374.jpg"/>
 <o:File HRef="image1375.jpg"/>
 <o:File HRef="image1376.jpg"/>
 <o:File HRef="image1377.jpg"/>
 <o:File HRef="image1378.jpg"/>
 <o:File HRef="image1379.jpg"/>
 <o:File HRef="image1380.jpg"/>
 <o:File HRef="image1381.jpg"/>
 <o:File HRef="image1382.jpg"/>
 <o:File HRef="image1383.jpg"/>
 <o:File HRef="image1384.jpg"/>
 <o:File HRef="image1385.jpg"/>
 <o:File HRef="image1386.jpg"/>
 <o:File HRef="image1387.jpg"/>
 <o:File HRef="image1388.jpg"/>
 <o:File HRef="image1389.jpg"/>
 <o:File HRef="image1390.jpg"/>
 <o:File HRef="image1391.jpg"/>
 <o:File HRef="image1392.jpg"/>
 <o:File HRef="image1393.jpg"/>
 <o:File HRef="image1394.jpg"/>
 <o:File HRef="image1395.jpg"/>
 <o:File HRef="image1396.jpg"/>
 <o:File HRef="image1397.jpg"/>
 <o:File HRef="image1398.jpg"/>
 <o:File HRef="image1399.jpg"/>
 <o:File HRef="image1400.jpg"/>
 <o:File HRef="image1401.jpg"/>
 <o:File HRef="image1402.jpg"/>
 <o:File HRef="image1403.jpg"/>
 <o:File HRef="image1404.jpg"/>
 <o:File HRef="image1405.jpg"/>
 <o:File HRef="image1406.jpg"/>
 <o:File HRef="image1407.jpg"/>
 <o:File HRef="image1408.jpg"/>
 <o:File HRef="image1409.jpg"/>
 <o:File HRef="image1410.jpg"/>
 <o:File HRef="image1411.jpg"/>
 <o:File HRef="image1412.jpg"/>
 <o:File HRef="image1413.jpg"/>
 <o:File HRef="image1414.jpg"/>
 <o:File HRef="image1415.jpg"/>
 <o:File HRef="image1416.jpg"/>
 <o:File HRef="image1417.jpg"/>
 <o:File HRef="image1418.jpg"/>
 <o:File HRef="image1419.jpg"/>
 <o:File HRef="image1420.jpg"/>
 <o:File HRef="image1421.jpg"/>
 <o:File HRef="image1422.jpg"/>
 <o:File HRef="image1423.jpg"/>
 <o:File HRef="image1424.jpg"/>
 <o:File HRef="image1425.jpg"/>
 <o:File HRef="image1426.jpg"/>
 <o:File HRef="image1427.jpg"/>
 <o:File HRef="image1428.jpg"/>
 <o:File HRef="image1429.jpg"/>
 <o:File HRef="image1430.jpg"/>
 <o:File HRef="image1431.jpg"/>
 <o:File HRef="image1432.jpg"/>
 <o:File HRef="image1433.jpg"/>
 <o:File HRef="image1434.jpg"/>
 <o:File HRef="image1435.jpg"/>
 <o:File HRef="image1436.jpg"/>
 <o:File HRef="image1437.jpg"/>
 <o:File HRef="image1438.jpg"/>
 <o:File HRef="image1439.jpg"/>
 <o:File HRef="image1440.jpg"/>
 <o:File HRef="image1441.jpg"/>
 <o:File HRef="image1442.jpg"/>
 <o:File HRef="image1443.jpg"/>
 <o:File HRef="image1444.jpg"/>
 <o:File HRef="image1445.jpg"/>
 <o:File HRef="image1446.jpg"/>
 <o:File HRef="image1447.jpg"/>
 <o:File HRef="image1448.jpg"/>
 <o:File HRef="image1449.jpg"/>
 <o:File HRef="image1450.jpg"/>
 <o:File HRef="image1451.jpg"/>
 <o:File HRef="image1452.jpg"/>
 <o:File HRef="image1453.jpg"/>
 <o:File HRef="image1454.jpg"/>
 <o:File HRef="image1455.jpg"/>
 <o:File HRef="image1456.jpg"/>
 <o:File HRef="image1457.jpg"/>
 <o:File HRef="image1458.jpg"/>
 <o:File HRef="image1459.jpg"/>
 <o:File HRef="image1460.jpg"/>
 <o:File HRef="image1461.jpg"/>
 <o:File HRef="image1462.jpg"/>
 <o:File HRef="image1463.jpg"/>
 <o:File HRef="image1464.jpg"/>
 <o:File HRef="image1465.jpg"/>
 <o:File HRef="image1466.jpg"/>
 <o:File HRef="image1467.jpg"/>
 <o:File HRef="image1468.jpg"/>
 <o:File HRef="image1469.jpg"/>
 <o:File HRef="image1470.jpg"/>
 <o:File HRef="image1471.jpg"/>
 <o:File HRef="image1472.jpg"/>
 <o:File HRef="image1473.jpg"/>
 <o:File HRef="image1474.jpg"/>
 <o:File HRef="image1475.jpg"/>
 <o:File HRef="image1476.jpg"/>
 <o:File HRef="image1477.jpg"/>
 <o:File HRef="image1478.jpg"/>
 <o:File HRef="image1479.jpg"/>
 <o:File HRef="image1480.jpg"/>
 <o:File HRef="image1481.jpg"/>
 <o:File HRef="image1482.jpg"/>
 <o:File HRef="image1483.jpg"/>
 <o:File HRef="image1484.jpg"/>
 <o:File HRef="image1485.jpg"/>
 <o:File HRef="image1486.jpg"/>
 <o:File HRef="image1487.jpg"/>
 <o:File HRef="image1488.jpg"/>
 <o:File HRef="image1489.jpg"/>
 <o:File HRef="image1490.jpg"/>
 <o:File HRef="image1491.jpg"/>
 <o:File HRef="image1492.jpg"/>
 <o:File HRef="image1493.jpg"/>
 <o:File HRef="image1494.jpg"/>
 <o:File HRef="image1495.jpg"/>
 <o:File HRef="image1496.jpg"/>
 <o:File HRef="image1497.jpg"/>
 <o:File HRef="image1498.jpg"/>
 <o:File HRef="image1499.jpg"/>
 <o:File HRef="image1500.jpg"/>
 <o:File HRef="image1501.jpg"/>
 <o:File HRef="image1502.jpg"/>
 <o:File HRef="image1503.jpg"/>
 <o:File HRef="image1504.jpg"/>
 <o:File HRef="image1505.jpg"/>
 <o:File HRef="image1506.jpg"/>
 <o:File HRef="image1507.jpg"/>
 <o:File HRef="image1508.jpg"/>
 <o:File HRef="image1509.jpg"/>
 <o:File HRef="image1510.jpg"/>
 <o:File HRef="image1511.jpg"/>
 <o:File HRef="image1512.jpg"/>
 <o:File HRef="image1513.jpg"/>
 <o:File HRef="image1514.jpg"/>
 <o:File HRef="image1515.jpg"/>
 <o:File HRef="image1516.jpg"/>
 <o:File HRef="image1517.jpg"/>
 <o:File HRef="image1518.jpg"/>
 <o:File HRef="image1519.jpg"/>
 <o:File HRef="image1520.jpg"/>
 <o:File HRef="image1521.jpg"/>
 <o:File HRef="image1522.jpg"/>
 <o:File HRef="image1523.jpg"/>
 <o:File HRef="image1524.jpg"/>
 <o:File HRef="image1525.jpg"/>
 <o:File HRef="image1526.jpg"/>
 <o:File HRef="image1527.jpg"/>
 <o:File HRef="image1528.jpg"/>
 <o:File HRef="image1529.jpg"/>
 <o:File HRef="image1530.jpg"/>
 <o:File HRef="image1531.jpg"/>
 <o:File HRef="image1532.jpg"/>
 <o:File HRef="image1533.jpg"/>
 <o:File HRef="image1534.jpg"/>
 <o:File HRef="image1535.jpg"/>
 <o:File HRef="image1536.jpg"/>
 <o:File HRef="image1537.jpg"/>
 <o:File HRef="image1538.jpg"/>
 <o:File HRef="image1539.jpg"/>
 <o:File HRef="image1540.jpg"/>
 <o:File HRef="image1541.jpg"/>
 <o:File HRef="image1542.jpg"/>
 <o:File HRef="image1543.jpg"/>
 <o:File HRef="image1544.jpg"/>
 <o:File HRef="image1545.jpg"/>
 <o:File HRef="image1546.jpg"/>
 <o:File HRef="image1547.jpg"/>
 <o:File HRef="image1548.jpg"/>
 <o:File HRef="image1549.jpg"/>
 <o:File HRef="image1550.jpg"/>
 <o:File HRef="image1551.jpg"/>
 <o:File HRef="image1552.jpg"/>
 <o:File HRef="image1553.jpg"/>
 <o:File HRef="image1554.jpg"/>
 <o:File HRef="image1555.jpg"/>
 <o:File HRef="image1556.jpg"/>
 <o:File HRef="image1557.jpg"/>
 <o:File HRef="image1558.jpg"/>
 <o:File HRef="image1559.jpg"/>
 <o:File HRef="image1560.jpg"/>
 <o:File HRef="image1561.jpg"/>
 <o:File HRef="image1562.jpg"/>
 <o:File HRef="image1563.jpg"/>
 <o:File HRef="image1564.jpg"/>
 <o:File HRef="image1565.jpg"/>
 <o:File HRef="image1566.jpg"/>
 <o:File HRef="image1567.jpg"/>
 <o:File HRef="image1568.jpg"/>
 <o:File HRef="image1569.jpg"/>
 <o:File HRef="image1570.jpg"/>
 <o:File HRef="image1571.jpg"/>
 <o:File HRef="image1572.jpg"/>
 <o:File HRef="image1573.jpg"/>
 <o:File HRef="image1574.jpg"/>
 <o:File HRef="image1575.jpg"/>
 <o:File HRef="image1576.jpg"/>
 <o:File HRef="image1577.jpg"/>
 <o:File HRef="image1578.jpg"/>
 <o:File HRef="image1579.jpg"/>
 <o:File HRef="image1580.jpg"/>
 <o:File HRef="image1581.jpg"/>
 <o:File HRef="image1582.jpg"/>
 <o:File HRef="image1583.jpg"/>
 <o:File HRef="image1584.jpg"/>
 <o:File HRef="image1585.jpg"/>
 <o:File HRef="image1586.jpg"/>
 <o:File HRef="image1587.jpg"/>
 <o:File HRef="image1588.jpg"/>
 <o:File HRef="image1589.jpg"/>
 <o:File HRef="image1590.jpg"/>
 <o:File HRef="image1591.jpg"/>
 <o:File HRef="image1592.jpg"/>
 <o:File HRef="image1593.jpg"/>
 <o:File HRef="image1594.jpg"/>
 <o:File HRef="image1595.jpg"/>
 <o:File HRef="image1596.jpg"/>
 <o:File HRef="image1597.jpg"/>
 <o:File HRef="image1598.jpg"/>
 <o:File HRef="image1599.jpg"/>
 <o:File HRef="image1600.jpg"/>
 <o:File HRef="image1601.jpg"/>
 <o:File HRef="image1602.jpg"/>
 <o:File HRef="image1603.jpg"/>
 <o:File HRef="image1604.jpg"/>
 <o:File HRef="image1605.jpg"/>
 <o:File HRef="image1606.jpg"/>
 <o:File HRef="image1607.jpg"/>
 <o:File HRef="image1608.jpg"/>
 <o:File HRef="image1609.jpg"/>
 <o:File HRef="image1610.jpg"/>
 <o:File HRef="image1611.jpg"/>
 <o:File HRef="image1612.jpg"/>
 <o:File HRef="image1613.jpg"/>
 <o:File HRef="image1614.jpg"/>
 <o:File HRef="image1615.jpg"/>
 <o:File HRef="image1616.jpg"/>
 <o:File HRef="image1617.jpg"/>
 <o:File HRef="image1618.jpg"/>
 <o:File HRef="image1619.jpg"/>
 <o:File HRef="image1620.jpg"/>
 <o:File HRef="image1621.jpg"/>
 <o:File HRef="image1622.jpg"/>
 <o:File HRef="image1623.jpg"/>
 <o:File HRef="image1624.jpg"/>
 <o:File HRef="image1625.jpg"/>
 <o:File HRef="image1626.jpg"/>
 <o:File HRef="image1627.jpg"/>
 <o:File HRef="image1628.jpg"/>
 <o:File HRef="image1629.jpg"/>
 <o:File HRef="image1630.jpg"/>
 <o:File HRef="image1631.jpg"/>
 <o:File HRef="image1632.jpg"/>
 <o:File HRef="image1633.jpg"/>
 <o:File HRef="image1634.jpg"/>
 <o:File HRef="image1635.jpg"/>
 <o:File HRef="image1636.jpg"/>
 <o:File HRef="image1637.jpg"/>
 <o:File HRef="image1638.jpg"/>
 <o:File HRef="image1639.jpg"/>
 <o:File HRef="image1640.jpg"/>
 <o:File HRef="image1641.jpg"/>
 <o:File HRef="image1642.jpg"/>
 <o:File HRef="image1643.jpg"/>
 <o:File HRef="image1644.jpg"/>
 <o:File HRef="image1645.jpg"/>
 <o:File HRef="image1646.jpg"/>
 <o:File HRef="image1647.jpg"/>
 <o:File HRef="image1648.jpg"/>
 <o:File HRef="image1649.jpg"/>
 <o:File HRef="image1650.jpg"/>
 <o:File HRef="image1651.jpg"/>
 <o:File HRef="image1652.jpg"/>
 <o:File HRef="header.htm"/>
 <o:File HRef="filelist.xml"/>
</xml>